title,url,headings_count,code_blocks_count,word_count,saved_html,saved_markdown,saved_json
API Keys,https://docs.ns-api.com/docs/api-keys,13,1,764,docs_api-keys_48e90b1ef991ea84.html,docs_api-keys_48e90b1ef991ea84.md,docs_api-keys_48e90b1ef991ea84.json
Add Agent to Call Queue,https://docs.ns-api.com/reference/createagent,3,1,2339,reference_createagent_da0e2d5df268d955.html,reference_createagent_da0e2d5df268d955.md,reference_createagent_da0e2d5df268d955.json
Agent Set Offline Status,https://docs.ns-api.com/reference/agentstatus,3,1,2337,reference_agentstatus_75f63e45d398542a.html,reference_agentstatus_75f63e45d398542a.md,reference_agentstatus_75f63e45d398542a.json
Application Mapping in Phonenumber's  & Dialrule's,https://docs.ns-api.com/docs/application-mapping-in-phonenumbers-dialrules,6,0,1009,docs_application-mapping-in-phonenumbers-dialrules_266572810fcf73e8.html,docs_application-mapping-in-phonenumbers-dialrules_266572810fcf73e8.md,docs_application-mapping-in-phonenumbers-dialrules_266572810fcf73e8.json
Async (202) vs. Sync (200),https://docs.ns-api.com/docs/async-202-vs-sync-200,5,0,301,docs_async-202-vs-sync-200_1ac98205a4e244d3.html,docs_async-202-vs-sync-200_1ac98205a4e244d3.md,docs_async-202-vs-sync-200_1ac98205a4e244d3.json
Authentication Overview,https://docs.ns-api.com/docs/getting-started,4,0,270,docs_getting-started_62259beba3990074.html,docs_getting-started_62259beba3990074.md,docs_getting-started_62259beba3990074.json
Count CDRs and SUM minutes,https://docs.ns-api.com/reference/get_cdrs-count,3,1,2335,reference_get_cdrs-count_e1b7fd87718f34e8.html,reference_get_cdrs-count_e1b7fd87718f34e8.md,reference_get_cdrs-count_e1b7fd87718f34e8.json
Count CDRs and SUM minutes for Domain,https://docs.ns-api.com/reference/get_domains-domain-cdrs-count,3,1,2343,reference_get_domains-domain-cdrs-count_41d2bf0746583480.html,reference_get_domains-domain-cdrs-count_41d2bf0746583480.md,reference_get_domains-domain-cdrs-count_41d2bf0746583480.json
Count Devices for User,https://docs.ns-api.com/reference/countdevices,3,1,2336,reference_countdevices_da6718e6aa73ba62.html,reference_countdevices_da6718e6aa73ba62.md,reference_countdevices_da6718e6aa73ba62.json
Count Domains Meetings,https://docs.ns-api.com/reference/get_domains-domain-users-user-meetings-count,3,1,2333,reference_get_domains-domain-users-user-meetings-count_7ea9a08845c1af0d.html,reference_get_domains-domain-users-user-meetings-count_7ea9a08845c1af0d.md,reference_get_domains-domain-users-user-meetings-count_7ea9a08845c1af0d.json
Create Additional Date Ranges within Specific Dates Timeframe,https://docs.ns-api.com/reference/post_domains-domain-timeframes-id,3,1,2377,reference_post_domains-domain-timeframes-id_49b3dc50201438cf.html,reference_post_domains-domain-timeframes-id_49b3dc50201438cf.md,reference_post_domains-domain-timeframes-id_49b3dc50201438cf.json
Create Additional Entries within Custom Timeframe,https://docs.ns-api.com/reference/post_domains-domain-users-user-timeframes-id-2,3,1,2371,reference_post_domains-domain-users-user-timeframes-id-2_1dd234ff3b656782.html,reference_post_domains-domain-users-user-timeframes-id-2_1dd234ff3b656782.md,reference_post_domains-domain-users-user-timeframes-id-2_1dd234ff3b656782.json
Create Additional Holidays within Holiday Timeframe,https://docs.ns-api.com/reference/post_domains-domain-timeframes-id-1,3,1,2369,reference_post_domains-domain-timeframes-id-1_11dbf9761a462050.html,reference_post_domains-domain-timeframes-id-1_11dbf9761a462050.md,reference_post_domains-domain-timeframes-id-1_11dbf9761a462050.json
Create Additional Holidays within Holiday Timeframe,https://docs.ns-api.com/reference/post_domains-domain-users-user-timeframes-id-1,3,1,2371,reference_post_domains-domain-users-user-timeframes-id-1_0e8b5608a75d55f5.html,reference_post_domains-domain-users-user-timeframes-id-1_0e8b5608a75d55f5.md,reference_post_domains-domain-users-user-timeframes-id-1_0e8b5608a75d55f5.json
Create Address Endpoint,https://docs.ns-api.com/reference/createaddressendpoint,3,1,2331,reference_createaddressendpoint_8cf9cd883d35541a.html,reference_createaddressendpoint_8cf9cd883d35541a.md,reference_createaddressendpoint_8cf9cd883d35541a.json
Create Address for User,https://docs.ns-api.com/reference/createaddressforuser,3,1,2336,reference_createaddressforuser_c63cc2f6bc27130e.html,reference_createaddressforuser_c63cc2f6bc27130e.md,reference_createaddressforuser_c63cc2f6bc27130e.json
Create Device for User,https://docs.ns-api.com/reference/createdevice,3,1,2336,reference_createdevice_cc95aaba7662117d.html,reference_createdevice_cc95aaba7662117d.md,reference_createdevice_cc95aaba7662117d.json
Create SMS Number,https://docs.ns-api.com/reference/createsmsnumber,3,1,2331,reference_createsmsnumber_3dab8c6e61169bb3.html,reference_createsmsnumber_3dab8c6e61169bb3.md,reference_createsmsnumber_3dab8c6e61169bb3.json
Create Template from Upload (JSON + Base64 File),https://docs.ns-api.com/reference/createtemplatebase64,3,1,2349,reference_createtemplatebase64_65e406b438bce301.html,reference_createtemplatebase64_65e406b438bce301.md,reference_createtemplatebase64_65e406b438bce301.json
Create a Connection,https://docs.ns-api.com/reference/createconnection,3,1,2329,reference_createconnection_5c55037e74d5152a.html,reference_createconnection_5c55037e74d5152a.md,reference_createconnection_5c55037e74d5152a.json
Create a Domain,https://docs.ns-api.com/reference/createdomain,3,1,2392,reference_createdomain_13485403eab19157.html,reference_createdomain_13485403eab19157.md,reference_createdomain_13485403eab19157.json
Create a Meeting,https://docs.ns-api.com/reference/post_domains-domain-users-user-meetings,3,1,2338,reference_post_domains-domain-users-user-meetings_9af5279308aa19fd.html,reference_post_domains-domain-users-user-meetings_9af5279308aa19fd.md,reference_post_domains-domain-users-user-meetings_9af5279308aa19fd.json
Create a Meeting with Id,https://docs.ns-api.com/reference/post_domains-domain-users-user-meetings-id,3,1,2350,reference_post_domains-domain-users-user-meetings-id_5827ab0bdb248683.html,reference_post_domains-domain-users-user-meetings-id_5827ab0bdb248683.md,reference_post_domains-domain-users-user-meetings-id_5827ab0bdb248683.json
Create a new Greeting from Upload (Multipart/Mixed Post),https://docs.ns-api.com/reference/creategreetingfileupload,3,1,2366,reference_creategreetingfileupload_a617c530fff3f328.html,reference_creategreetingfileupload_a617c530fff3f328.md,reference_creategreetingfileupload_a617c530fff3f328.json
Create a new MOH for Domain from TTS,https://docs.ns-api.com/reference/createmohusertts,3,1,2348,reference_createmohusertts_ca20ff97b6314ec3.html,reference_createmohusertts_ca20ff97b6314ec3.md,reference_createmohusertts_ca20ff97b6314ec3.json
Create a new MOH for User from Upload (JSON + Base64 File),https://docs.ns-api.com/reference/createmohuserbase64,3,1,2378,reference_createmohuserbase64_f8ac8d8aa826534d.html,reference_createmohuserbase64_f8ac8d8aa826534d.md,reference_createmohuserbase64_f8ac8d8aa826534d.json
Delete A Specific Route,https://docs.ns-api.com/reference/deleteroute,3,1,2332,reference_deleteroute_3a7047d3d8bf4afe.html,reference_deleteroute_3a7047d3d8bf4afe.md,reference_deleteroute_3a7047d3d8bf4afe.json
Delete A Specific Route connection,https://docs.ns-api.com/reference/deleteroutecon,3,1,2335,reference_deleteroutecon_5c8f210f21b6f266.html,reference_deleteroutecon_5c8f210f21b6f266.md,reference_deleteroutecon_5c8f210f21b6f266.json
Delete Address Endpoint,https://docs.ns-api.com/reference/deleteaddressendpoint,3,1,2332,reference_deleteaddressendpoint_03fd178493be9089.html,reference_deleteaddressendpoint_03fd178493be9089.md,reference_deleteaddressendpoint_03fd178493be9089.json
Delete Address For Domain,https://docs.ns-api.com/reference/deleteaddressfordomain,3,1,2335,reference_deleteaddressfordomain_c5668f60496aa999.html,reference_deleteaddressfordomain_c5668f60496aa999.md,reference_deleteaddressfordomain_c5668f60496aa999.json
Delete Entry within Custom Timeframe,https://docs.ns-api.com/reference/delete_domains-domain-timeframes-id-2,3,1,2366,reference_delete_domains-domain-timeframes-id-2_374b5c73308eec81.html,reference_delete_domains-domain-timeframes-id-2_374b5c73308eec81.md,reference_delete_domains-domain-timeframes-id-2_374b5c73308eec81.json
Delete Messagesession,https://docs.ns-api.com/reference/deletemessagesession,3,1,2331,reference_deletemessagesession_f6be86b23e450068.html,reference_deletemessagesession_f6be86b23e450068.md,reference_deletemessagesession_f6be86b23e450068.json
Delete Specific Timeframe for Domain (Shared),https://docs.ns-api.com/reference/delete_domains-domain-timeframes-id-3,3,1,2366,reference_delete_domains-domain-timeframes-id-3_925b77f0b5b1bce0.html,reference_delete_domains-domain-timeframes-id-3_925b77f0b5b1bce0.md,reference_delete_domains-domain-timeframes-id-3_925b77f0b5b1bce0.json
Delete an Image,https://docs.ns-api.com/reference/deleteimage,3,1,2334,reference_deleteimage_cac643178a3aaaae.html,reference_deleteimage_cac643178a3aaaae.md,reference_deleteimage_cac643178a3aaaae.json
Get Access Token From Refresh,https://docs.ns-api.com/reference/post_tokens-1,3,1,2350,reference_post_tokens-1_f75dde34e0f819f9.html,reference_post_tokens-1_f75dde34e0f819f9.md,reference_post_tokens-1_f75dde34e0f819f9.json
Get Addresses for Domain,https://docs.ns-api.com/reference/getaddressesfordomain,3,1,2334,reference_getaddressesfordomain_558e8248b91ec607.html,reference_getaddressesfordomain_558e8248b91ec607.md,reference_getaddressesfordomain_558e8248b91ec607.json
Get CSV of call trace For Call,https://docs.ns-api.com/reference/getcalltrace,3,1,2341,reference_getcalltrace_3af394ad9f08b46c.html,reference_getcalltrace_3af394ad9f08b46c.md,reference_getcalltrace_3af394ad9f08b46c.json
Get Domains,https://docs.ns-api.com/reference/getdomains,3,1,2354,reference_getdomains_9a7a8fdd6abe5240.html,reference_getdomains_9a7a8fdd6abe5240.md,reference_getdomains_9a7a8fdd6abe5240.json
Get Messagesessions for User,https://docs.ns-api.com/reference/getmessagesessionsforuser,3,1,2336,reference_getmessagesessionsforuser_f617c9038179701c.html,reference_getmessagesessionsforuser_f617c9038179701c.md,reference_getmessagesessionsforuser_f617c9038179701c.json
Get SMS Numbers for Domain,https://docs.ns-api.com/reference/getsmsnumbersfordomain,3,1,2337,reference_getsmsnumbersfordomain_2201689d2285b30e.html,reference_getsmsnumbersfordomain_2201689d2285b30e.md,reference_getsmsnumbersfordomain_2201689d2285b30e.json
Get Specific Contact for User,https://docs.ns-api.com/reference/get_domains-domain-users-user-contacts-contact-id,3,1,2340,reference_get_domains-domain-users-user-contacts-contact-id_34ea988e36c9cc20.html,reference_get_domains-domain-users-user-contacts-contact-id_34ea988e36c9cc20.md,reference_get_domains-domain-users-user-contacts-contact-id_34ea988e36c9cc20.json
Get details of Specific Model,https://docs.ns-api.com/reference/getspecificmodel,3,1,2335,reference_getspecificmodel_bedc5b2a7db102a6.html,reference_getspecificmodel_bedc5b2a7db102a6.md,reference_getspecificmodel_bedc5b2a7db102a6.json
Get list of Supported/Provisionable Models,https://docs.ns-api.com/reference/getsupportedmodels,3,1,2335,reference_getsupportedmodels_1c01b9786b7f28af.html,reference_getsupportedmodels_1c01b9786b7f28af.md,reference_getsupportedmodels_1c01b9786b7f28af.json
Manually Backup a Domain,https://docs.ns-api.com/reference/post_domains-domain-backup,3,1,2334,reference_post_domains-domain-backup_e560eb1b00439b14.html,reference_post_domains-domain-backup_e560eb1b00439b14.md,reference_post_domains-domain-backup_e560eb1b00439b14.json
Move Voicemail to save folder,https://docs.ns-api.com/reference/savevoicemail,3,1,2343,reference_savevoicemail_5cbd530af8bcfd1c.html,reference_savevoicemail_5cbd530af8bcfd1c.md,reference_savevoicemail_5cbd530af8bcfd1c.json
Read API Keys under your account,https://docs.ns-api.com/reference/readapikeys,3,1,2380,reference_readapikeys_18fe99d01e539a83.html,reference_readapikeys_18fe99d01e539a83.md,reference_readapikeys_18fe99d01e539a83.json
Read API Version,https://docs.ns-api.com/reference/get_version,3,1,2326,reference_get_version_c6196b4b87ce361a.html,reference_get_version_c6196b4b87ce361a.md,reference_get_version_c6196b4b87ce361a.json
Read Agents in Call Queue,https://docs.ns-api.com/reference/readagents,3,1,2339,reference_readagents_1dea1058fd10c795.html,reference_readagents_1dea1058fd10c795.md,reference_readagents_1dea1058fd10c795.json
Read All Timeframes for Domain (Shared),https://docs.ns-api.com/reference/get_domains-domain-timeframes,3,1,2340,reference_get_domains-domain-timeframes_630385dd56392b38.html,reference_get_domains-domain-timeframes_630385dd56392b38.md,reference_get_domains-domain-timeframes_630385dd56392b38.json
Read CDRs,https://docs.ns-api.com/reference/get_cdrs,3,1,2326,reference_get_cdrs_8f1be6e4d5473438.html,reference_get_cdrs_8f1be6e4d5473438.md,reference_get_cdrs_8f1be6e4d5473438.json
Read CDRs for Site in Domain,https://docs.ns-api.com/reference/get_domains-domain-cdrs-1,3,1,2340,reference_get_domains-domain-cdrs-1_38732fa31403cb1e.html,reference_get_domains-domain-cdrs-1_38732fa31403cb1e.md,reference_get_domains-domain-cdrs-1_38732fa31403cb1e.json
Read Current JWT,https://docs.ns-api.com/reference/get_jwt,3,1,2329,reference_get_jwt_3fa3848d7fb8d97d.html,reference_get_jwt_3fa3848d7fb8d97d.md,reference_get_jwt_3fa3848d7fb8d97d.json
Read Dialrules in a Dialplan,https://docs.ns-api.com/reference/readdialrules,3,1,2339,reference_readdialrules_2614ea4728541ff8.html,reference_readdialrules_2614ea4728541ff8.md,reference_readdialrules_2614ea4728541ff8.json
Read Event Subscription By Id,https://docs.ns-api.com/reference/readsubscription,3,1,2336,reference_readsubscription_8f969e89896584d7.html,reference_readsubscription_8f969e89896584d7.md,reference_readsubscription_8f969e89896584d7.json
Read Greetings for User,https://docs.ns-api.com/reference/readgreetings,3,1,2336,reference_readgreetings_210e3f7a1fe136d1.html,reference_readgreetings_210e3f7a1fe136d1.md,reference_readgreetings_210e3f7a1fe136d1.json
Read Hold Messages for Domain,https://docs.ns-api.com/reference/readmsgdomain,3,1,2337,reference_readmsgdomain_ef3889871e6d5ff5.html,reference_readmsgdomain_ef3889871e6d5ff5.md,reference_readmsgdomain_ef3889871e6d5ff5.json
Read Image,https://docs.ns-api.com/reference/readimage,3,1,2331,reference_readimage_ceb25a4cbfa6cb6f.html,reference_readimage_ceb25a4cbfa6cb6f.md,reference_readimage_ceb25a4cbfa6cb6f.json
Read Iotum Video Host,https://docs.ns-api.com/reference/get_domains-domain-users-user-video,3,1,2340,reference_get_domains-domain-users-user-video_5872d0022eaacf6a.html,reference_get_domains-domain-users-user-video_5872d0022eaacf6a.md,reference_get_domains-domain-users-user-video_5872d0022eaacf6a.json
Read List of Supported Countries,https://docs.ns-api.com/reference/get_holidays-countries,3,1,2349,reference_get_holidays-countries_740cdccb0d4aaab9.html,reference_get_holidays-countries_740cdccb0d4aaab9.md,reference_get_holidays-countries_740cdccb0d4aaab9.json
Read Mac Addresses in Domain,https://docs.ns-api.com/reference/get_domains-domain-phones,3,1,2337,reference_get_domains-domain-phones_4569173bf140c3f6.html,reference_get_domains-domain-phones_4569173bf140c3f6.md,reference_get_domains-domain-phones_4569173bf140c3f6.json
Read Route Connections,https://docs.ns-api.com/reference/get_routecon,3,1,2329,reference_get_routecon_375397e7ea534a26.html,reference_get_routecon_375397e7ea534a26.md,reference_get_routecon_375397e7ea534a26.json
Read SSL certificate by Common Name,https://docs.ns-api.com/reference/get_certificates-name,3,1,2339,reference_get_certificates-name_96cf259f199bb17a.html,reference_get_certificates-name_96cf259f199bb17a.md,reference_get_certificates-name_96cf259f199bb17a.json
Read Specific Dialrule in a Dialplan,https://docs.ns-api.com/reference/readdialrule,3,1,2343,reference_readdialrule_b6f532ca4982558b.html,reference_readdialrule_b6f532ca4982558b.md,reference_readdialrule_b6f532ca4982558b.json
Read Specific Greeting for User,https://docs.ns-api.com/reference/readgreeting,3,1,2340,reference_readgreeting_70c0568fe605c289.html,reference_readgreeting_70c0568fe605c289.md,reference_readgreeting_70c0568fe605c289.json
Read Specific Mac Address,https://docs.ns-api.com/reference/get_phones-mac,3,1,2333,reference_get_phones-mac_ed286e524d0a3c18.html,reference_get_phones-mac_ed286e524d0a3c18.md,reference_get_phones-mac_ed286e524d0a3c18.json
Read Template,https://docs.ns-api.com/reference/readtemplate,3,1,2331,reference_readtemplate_05c2077fdfa58d32.html,reference_readtemplate_05c2077fdfa58d32.md,reference_readtemplate_05c2077fdfa58d32.json
Read a Specific Configuration,https://docs.ns-api.com/reference/readspecificconfiguration,3,1,2333,reference_readspecificconfiguration_24142dcb85d29da2.html,reference_readspecificconfiguration_24142dcb85d29da2.md,reference_readspecificconfiguration_24142dcb85d29da2.json
Read blocked numbers for a Domain,https://docs.ns-api.com/reference/get_domains-domain-number-filters,3,1,2340,reference_get_domains-domain-number-filters_73cf1cf607ba87aa.html,reference_get_domains-domain-number-filters_73cf1cf607ba87aa.md,reference_get_domains-domain-number-filters_73cf1cf607ba87aa.json
Read blocked numbers for a User,https://docs.ns-api.com/reference/get_domains-domain-users-user-number-filters,3,1,2342,reference_get_domains-domain-users-user-number-filters_3f2200f19271b212.html,reference_get_domains-domain-users-user-number-filters_3f2200f19271b212.md,reference_get_domains-domain-users-user-number-filters_3f2200f19271b212.json
Reorder Answerrules for my User,https://docs.ns-api.com/reference/put_domains-domain-users-user-answerrules-reorder,3,1,2382,reference_put_domains-domain-users-user-answerrules-reorder_ad468eaddcf0bad9.html,reference_put_domains-domain-users-user-answerrules-reorder_ad468eaddcf0bad9.md,reference_put_domains-domain-users-user-answerrules-reorder_ad468eaddcf0bad9.json
Replace All Date Ranges in Specific Dates Timeframe,https://docs.ns-api.com/reference/put_domains-domain-users-user-timeframes-id,3,1,2432,reference_put_domains-domain-users-user-timeframes-id_194fb8ed67570880.html,reference_put_domains-domain-users-user-timeframes-id_194fb8ed67570880.md,reference_put_domains-domain-users-user-timeframes-id_194fb8ed67570880.json
Request a Full System backup,https://docs.ns-api.com/reference/post_backup,3,1,2335,reference_post_backup_17748a09d177aadc.html,reference_post_backup_17748a09d177aadc.md,reference_post_backup_17748a09d177aadc.json
Revoke JWT(s) by UID (user@domain),https://docs.ns-api.com/reference/revokejwtbyuid,3,1,2333,reference_revokejwtbyuid_28d195bb80d8c4af.html,reference_revokejwtbyuid_28d195bb80d8c4af.md,reference_revokejwtbyuid_28d195bb80d8c4af.json
Send Email using Template,https://docs.ns-api.com/reference/sendemail,3,1,2377,reference_sendemail_3db11d6eb38326d8.html,reference_sendemail_3db11d6eb38326d8.md,reference_sendemail_3db11d6eb38326d8.json
Send Phonenumber to Offnet Number,https://docs.ns-api.com/reference/updatephonenumberoffnet,3,1,2372,reference_updatephonenumberoffnet_3d6517f583fb106b.html,reference_updatephonenumberoffnet_3d6517f583fb106b.md,reference_updatephonenumberoffnet_3d6517f583fb106b.json
Send Phonenumber to a User,https://docs.ns-api.com/reference/updatephonenumberuser,3,1,2349,reference_updatephonenumberuser_101877c7ff06b104.html,reference_updatephonenumberuser_101877c7ff06b104.md,reference_updatephonenumberuser_101877c7ff06b104.json
Send a message (MMS),https://docs.ns-api.com/reference/sendmessagemms,3,1,2356,reference_sendmessagemms_90427f0349758a29.html,reference_sendmessagemms_90427f0349758a29.md,reference_sendmessagemms_90427f0349758a29.json
Start a new Message Session,https://docs.ns-api.com/reference/startsession,3,1,2358,reference_startsession_2cada53f1fc78d33.html,reference_startsession_2cada53f1fc78d33.md,reference_startsession_2cada53f1fc78d33.json
Update Address for Domain,https://docs.ns-api.com/reference/updateaddressfordomain,3,1,2335,reference_updateaddressfordomain_6360b0c8522be51d.html,reference_updateaddressfordomain_6360b0c8522be51d.md,reference_updateaddressfordomain_6360b0c8522be51d.json
Update Address for User,https://docs.ns-api.com/reference/updateaddressforuser,3,1,2337,reference_updateaddressforuser_28b970847b024149.html,reference_updateaddressforuser_28b970847b024149.md,reference_updateaddressforuser_28b970847b024149.json
Update Agent in Call Queue,https://docs.ns-api.com/reference/updateagent,3,1,2340,reference_updateagent_3af0ba930e1a3d7a.html,reference_updateagent_3af0ba930e1a3d7a.md,reference_updateagent_3af0ba930e1a3d7a.json
Update Hold Messge for User from Upload (Multipart/Mixed Post),https://docs.ns-api.com/reference/updatemsguserfileupload,3,1,2352,reference_updatemsguserfileupload_c927a494d7e1f3a1.html,reference_updatemsguserfileupload_c927a494d7e1f3a1.md,reference_updatemsguserfileupload_c927a494d7e1f3a1.json
Update MOH for User from Upload (JSON + Base64 File),https://docs.ns-api.com/reference/updatemohuserbase64,3,1,2374,reference_updatemohuserbase64_33b60976bc78bee6.html,reference_updatemohuserbase64_33b60976bc78bee6.md,reference_updatemohuserbase64_33b60976bc78bee6.json
Update Messagesession (Leave),https://docs.ns-api.com/reference/leavemessagesession,3,1,2343,reference_leavemessagesession_789bdd0ec13b2121.html,reference_leavemessagesession_789bdd0ec13b2121.md,reference_leavemessagesession_789bdd0ec13b2121.json
Using docs.ns-api.com,https://docs.ns-api.com/docs/using-docsns-apicom,10,0,339,docs_using-docsns-apicom_be9ab8c1a64bf682.html,docs_using-docsns-apicom_be9ab8c1a64bf682.md,docs_using-docsns-apicom_be9ab8c1a64bf682.json
Validate Address,https://docs.ns-api.com/reference/validateaddress,3,1,2328,reference_validateaddress_fb516b7b534f1f21.html,reference_validateaddress_fb516b7b534f1f21.md,reference_validateaddress_fb516b7b534f1f21.json
v1 Migration to v2,https://docs.ns-api.com/docs/v1-migration-to-v2,15,0,973,docs_v1-migration-to-v2_e0a2c79d35890ad0.html,docs_v1-migration-to-v2_e0a2c79d35890ad0.md,docs_v1-migration-to-v2_e0a2c79d35890ad0.json
